mean_acc,std_acc,mean_f1,std_f1,dataset,model,k,power
0.8876640419947508,0.020425277121620695,0.901409457742318,0.017804000046497213,rice,weighted_knn,1,2
0.9010498687664044,0.021421246617050603,0.9135014340407572,0.018648737892590653,rice,weighted_knn,3,2
0.9086614173228347,0.0184773920281344,0.9200028043845982,0.016392050682941472,rice,weighted_knn,5,2
0.9149606299212598,0.017338734451352998,0.9257466389275679,0.015239529856387348,rice,weighted_knn,7,2
0.91496062992126,0.017809129085236085,0.9258705454797568,0.015531421205141793,rice,weighted_knn,9,2
0.9162729658792651,0.01872368170814889,0.927078814575286,0.01624003920320743,rice,weighted_knn,11,2
0.9178477690288712,0.017173058060845754,0.9283694296242995,0.014995258740828216,rice,weighted_knn,13,2
0.9194225721784777,0.018072157464674013,0.9297743024656155,0.015762492432751223,rice,weighted_knn,15,2
