mean_acc,std_acc,mean_f1,std_f1,dataset,model,k,power
0.9494444444444445,0.04475240527365851,0.9653645511473655,0.03199264385010845,parkinsons,weighted_knn,1,2
0.9330701754385965,0.055593315883946545,0.954376703097504,0.03953279846500625,parkinsons,weighted_knn,3,2
0.9438888888888888,0.05214237394378804,0.9619883350695364,0.037443248757538516,parkinsons,weighted_knn,5,2
0.9333333333333333,0.0714056400580428,0.955345504411133,0.04896399672959427,parkinsons,weighted_knn,7,2
0.9488888888888889,0.0592025191322543,0.9668130741976683,0.039130902804448676,parkinsons,weighted_knn,9,2
0.9433333333333334,0.057724334257157964,0.963346987540536,0.03721693731596941,parkinsons,weighted_knn,11,2
0.943625730994152,0.04830650065508955,0.9638040282853965,0.03095619564916918,parkinsons,weighted_knn,13,2
0.927514619883041,0.062123246314368344,0.9543312013348164,0.038569772525631735,parkinsons,weighted_knn,15,2
