mean_acc,std_acc,mean_f1,std_f1,model,config,layer_sizes,lam
0.8616959064327487,0.06702504474113037,0.9109261392729134,0.04131712504692618,neural_network,"[16], lam=0.0",[16],0.0
0.8616959064327487,0.06702504474113037,0.9109261392729134,0.04131712504692618,neural_network,"[16], lam=0.01",[16],0.01
0.8466959064327486,0.07326823196674657,0.9005778145349892,0.04798586786314706,neural_network,"[8], lam=0.0",[8],0.0
0.8466959064327486,0.07326823196674657,0.9005778145349892,0.04798586786314706,neural_network,"[8], lam=0.01",[8],0.01
0.8411403508771931,0.06159938820920796,0.8980746695832902,0.03789823406639568,neural_network,"[8, 8], lam=0.01","[8, 8]",0.01
0.8361403508771931,0.05413767760553308,0.8918679707389385,0.03791612546543231,neural_network,"[16, 8], lam=0.1","[16, 8]",0.1
