n_train,J_test
7,0.705798072330136
15,0.685851192318337
31,0.655441044642824
46,0.5227294373830679
77,0.43671106395153
108,0.4205912605060137
155,0.4444192240733355
