{
  "backprop_example1.txt": {
    "eps=0.1": {
      "max_abs_diff": 0.00016017953385649708,
      "mean_abs_diff": 4.037936323501385e-05,
      "numeric_grads": [
        [
          [
            0.02732911,
            0.01332678
          ],
          [
            0.03315192,
            0.0161779
          ]
        ],
        [
          [
            0.22983657,
            0.14033876,
            0.13752268
          ]
        ]
      ],
      "analytic_grads": [
        [
          [
            0.02735127,
            0.01332866
          ],
          [
            0.03317988,
            0.01618028
          ]
        ],
        [
          [
            0.22999675,
            0.1403743,
            0.13755523
          ]
        ]
      ]
    },
    "eps=1e-06": {
      "max_abs_diff": 1.274783334448415e-10,
      "mean_abs_diff": 5.1955786647168396e-11,
      "numeric_grads": [
        [
          [
            0.02735127,
            0.01332866
          ],
          [
            0.03317988,
            0.01618028
          ]
        ],
        [
          [
            0.22999675,
            0.1403743,
            0.13755523
          ]
        ]
      ],
      "analytic_grads": [
        [
          [
            0.02735127,
            0.01332866
          ],
          [
            0.03317988,
            0.01618028
          ]
        ],
        [
          [
            0.22999675,
            0.1403743,
            0.13755523
          ]
        ]
      ]
    }
  },
  "backprop_example2.txt": {
    "eps=0.1": {
      "max_abs_diff": 0.00015479447121791168,
      "mean_abs_diff": 2.7021156838947968e-05,
      "numeric_grads": [
        [
          [
            0.00803155,
            0.02563861,
            0.04987448
          ],
          [
            0.0066565,
            0.01836566,
            0.06719306
          ],
          [
            0.00971976,
            0.03195535,
            0.05251863
          ],
          [
            0.0077557,
            0.05036716,
            0.0849236
          ]
        ],
        [
          [
            0.01071182,
            0.09068401,
            0.025117,
            0.12596766,
            0.11586486
          ],
          [
            0.02442738,
            0.06780491,
            0.04164035,
            0.0530777,
            0.12676727
          ],
          [
            0.0305579,
            0.08923326,
            0.12093893,
            0.10270087,
            0.03078074
          ]
        ],
        [
          [
            0.08119701,
            0.17925131,
            0.12465397,
            0.13178275
          ],
          [
            0.20966484,
            0.19184567,
            0.3033228,
            0.25241316
          ]
        ]
      ],
      "analytic_grads": [
        [
          [
            0.00803632,
            0.02564134,
            0.04987447
          ],
          [
            0.00665894,
            0.01836697,
            0.06719311
          ],
          [
            0.00972756,
            0.03195982,
            0.05251862
          ],
          [
            0.00775927,
            0.05036911,
            0.08492365
          ]
        ],
        [
          [
            0.01071187,
            0.09068406,
            0.02511708,
            0.1259677,
            0.11586492
          ],
          [
            0.02441795,
            0.06780282,
            0.04163777,
            0.05307643,
            0.1267652
          ],
          [
            0.03056466,
            0.08923522,
            0.1209416,
            0.10270214,
            0.03078292
          ]
        ],
        [
          [
            0.0813518,
            0.17935246,
            0.12476243,
            0.13186393
          ],
          [
            0.20981716,
            0.19194521,
            0.30342954,
            0.25249305
          ]
        ]
      ]
    },
    "eps=1e-06": {
      "max_abs_diff": 2.849083469147473e-10,
      "mean_abs_diff": 1.015840036097274e-10,
      "numeric_grads": [
        [
          [
            0.00803632,
            0.02564134,
            0.04987447
          ],
          [
            0.00665894,
            0.01836697,
            0.06719311
          ],
          [
            0.00972756,
            0.03195982,
            0.05251862
          ],
          [
            0.00775927,
            0.05036911,
            0.08492365
          ]
        ],
        [
          [
            0.01071187,
            0.09068406,
            0.02511708,
            0.1259677,
            0.11586492
          ],
          [
            0.02441795,
            0.06780282,
            0.04163777,
            0.05307643,
            0.1267652
          ],
          [
            0.03056466,
            0.08923522,
            0.1209416,
            0.10270214,
            0.03078292
          ]
        ],
        [
          [
            0.0813518,
            0.17935246,
            0.12476243,
            0.13186393
          ],
          [
            0.20981716,
            0.19194521,
            0.30342954,
            0.25249305
          ]
        ]
      ],
      "analytic_grads": [
        [
          [
            0.00803632,
            0.02564134,
            0.04987447
          ],
          [
            0.00665894,
            0.01836697,
            0.06719311
          ],
          [
            0.00972756,
            0.03195982,
            0.05251862
          ],
          [
            0.00775927,
            0.05036911,
            0.08492365
          ]
        ],
        [
          [
            0.01071187,
            0.09068406,
            0.02511708,
            0.1259677,
            0.11586492
          ],
          [
            0.02441795,
            0.06780282,
            0.04163777,
            0.05307643,
            0.1267652
          ],
          [
            0.03056466,
            0.08923522,
            0.1209416,
            0.10270214,
            0.03078292
          ]
        ],
        [
          [
            0.0813518,
            0.17935246,
            0.12476243,
            0.13186393
          ],
          [
            0.20981716,
            0.19194521,
            0.30342954,
            0.25249305
          ]
        ]
      ]
    }
  }
}