mean_acc,std_acc,mean_f1,std_f1,dataset,model,k,power
0.779315268065268,0.05338465364732886,0.7498337972602838,0.0627766137070651,credit_approval,weighted_knn,1,2
0.7976857517482517,0.043417629935437414,0.7690999194507941,0.04799949778445874,credit_approval,weighted_knn,3,2
0.7946561771561772,0.046260273885554364,0.7630648382862708,0.05461614554649699,credit_approval,weighted_knn,5,2
0.8054035547785547,0.04273057997906647,0.7735349606389794,0.05062973787411368,credit_approval,weighted_knn,7,2
0.8052855477855477,0.05452640045648229,0.7687002960276381,0.06719632133359167,credit_approval,weighted_knn,9,2
0.8006694347319347,0.057237758311708485,0.7599788549950056,0.0695030812386796,credit_approval,weighted_knn,11,2
0.8021845862470862,0.05489919828791419,0.7601146103343766,0.06470502896560601,credit_approval,weighted_knn,13,2
0.7959819347319347,0.05684268793807035,0.750209071070981,0.06958882109959044,credit_approval,weighted_knn,15,2
