mean_acc,std_acc,mean_f1,std_f1,dataset,model,k,power
0.9733515847412912,0.010617561740088408,0.9732366111547283,0.010726334238160471,digits,weighted_knn,1,2
0.9789084708886909,0.00912159623377358,0.9789096683690339,0.009178634523571164,digits,weighted_knn,3,2
0.9788935724236605,0.00846652004891935,0.9788475791773006,0.008565410755400928,digits,weighted_knn,5,2
0.9766550745907873,0.008453090332330996,0.9766177206343614,0.00855360059616724,digits,weighted_knn,7,2
0.9761154859181497,0.00889825540518487,0.9761093438920122,0.008954105063694703,digits,weighted_knn,9,2
0.9766650376679029,0.010732534261913373,0.9766234503751589,0.010796078885402566,digits,weighted_knn,11,2
0.9750136172047806,0.01164133869878624,0.9750085100852959,0.011635720693928552,digits,weighted_knn,13,2
0.9744424724233364,0.011943860442093817,0.9744575337974775,0.011899755688947555,digits,weighted_knn,15,2
