mean_acc,std_acc,mean_f1,std_f1,model,config,layer_sizes,lam
0.9733333333333334,0.05537749241945381,0.9466666666666667,0.11075498483890768,neural_network,"[32], lam=0.001",[32],0.001
0.9733333333333334,0.05537749241945381,0.9466666666666667,0.11075498483890768,neural_network,"[32], lam=0.01",[32],0.01
0.9650000000000001,0.056984403324262516,0.9247619047619047,0.12273896124584789,neural_network,"[16], lam=0.001",[16],0.001
0.9650000000000001,0.056984403324262516,0.9247619047619047,0.12273896124584789,neural_network,"[16], lam=0.01",[16],0.01
0.9650000000000001,0.056984403324262516,0.9247619047619047,0.12273896124584789,neural_network,"[32, 16], lam=0.001","[32, 16]",0.001
0.9650000000000001,0.056984403324262516,0.9247619047619047,0.12273896124584789,neural_network,"[32, 16], lam=0.01","[32, 16]",0.01
