n_train,J_test
7,3.11375913447411
15,2.614395450824986
23,0.850898293761147
39,0.590858288792898
55,0.22405737476562881
79,0.11151387734273509
