dataset,model,mean_accuracy,mean_f1
digits,knn,0.9805423239318314,0.9805522581760974
parkinsons,knn,0.9494444444444444,0.9653645511473656
rice,neural_network,0.9296587926509188,0.938350200702423
credit_approval,random_forest,0.8741979895104895,0.8607422919017722
