model,params,mean_accuracy,std_accuracy,mean_f1,std_f1,dataset
knn,{'k': 5},0.9805423239318314,0.0066510814662197,0.9805522581760974,0.0067613775233085,digits
knn,{'k': 1},0.9494444444444444,0.0447524052736585,0.9653645511473656,0.0319926438501084,parkinsons
neural_network,"{'layer_sizes': [8, 8], 'lam': 0.1, 'alpha': 0.5, 'max_epochs': 100, 'batch_size': 128}",0.9296587926509188,0.0177936496133105,0.938350200702423,0.0154671519245288,rice
random_forest,{'n_trees': 100},0.8741979895104895,0.0484402549616858,0.8607422919017722,0.0550128856341103,credit_approval
