mean_acc,std_acc,mean_f1,std_f1,model,config,layer_sizes,lam
0.9299212598425198,0.01749103105674136,0.9389427998163805,0.014991972967723166,neural_network,"[16, 8], lam=0.01","[16, 8]",0.01
0.9291338582677167,0.017645917389996445,0.9381571780751798,0.015258630120504327,neural_network,"[16], lam=0.01",[16],0.01
0.9283464566929135,0.017132896504322932,0.9376015792400263,0.014772802676786522,neural_network,"[8], lam=0.01",[8],0.01
0.9280839895013123,0.017731596592183235,0.9372500621052546,0.015276697290756452,neural_network,"[16], lam=0.1",[16],0.1
0.9280839895013125,0.017219128049193413,0.9371792833147774,0.01489280352348101,neural_network,"[8, 8], lam=0.1","[8, 8]",0.1
0.9278215223097114,0.01669299592247544,0.937134701417152,0.014432572911354519,neural_network,"[8], lam=0.0",[8],0.0
