n_train,J_test
152,0.21185099693978957
304,0.20157636275505192
609,0.20343176633900406
914,0.20217337024359447
1524,0.20177184770594905
2133,0.2010371239564987
3048,0.1977897438956621
