n_train,J_test
71,1.5695472891346685
143,1.0080946210220694
286,0.7376115735930638
429,0.5735989700679709
716,0.4145872560169978
1003,0.33529299086084435
1433,0.2609489700863461
